database/train/01.11.jpg;1
database/train/01.12.jpg;1
database/train/01.13.jpg;1
database/train/01.14.jpg;1
database/train/01.15.jpg;1
database/train/01.16.jpg;1
database/train/01.17.jpg;1
database/train/01.18.jpg;1
database/train/01.19.jpg;1
database/train/01.20.jpg;1
database/train/01.21.jpg;1
database/train/01.22.jpg;1
database/train/01.23.jpg;1
database/train/01.24.jpg;1
database/train/01.25.jpg;1
database/train/01.26.jpg;1
database/train/01.27.jpg;1
database/train/01.28.jpg;1
database/train/01.29.jpg;1
database/train/01.30.jpg;1
database/train/01.31.jpg;1
database/train/01.32.jpg;1
database/train/01.33.jpg;1
database/train/01.34.jpg;1
database/train/01.35.jpg;1
database/train/01.36.jpg;1
database/train/01.37.jpg;1
database/train/01.38.jpg;1
database/train/01.39.jpg;1
database/train/01.40.jpg;1
database/train/01.41.jpg;1
database/train/01.42.jpg;1
database/train/01.43.jpg;1
database/train/01.44.jpg;1
database/train/01.45.jpg;1
database/train/01.46.jpg;1
database/train/01.47.jpg;1
database/train/01.48.jpg;1
database/train/01.49.jpg;1
database/train/01.50.jpg;1
database/train/01.51.jpg;1
database/train/01.52.jpg;1
database/train/01.53.jpg;1
database/train/01.54.jpg;1
database/train/01.55.jpg;1
database/train/01.56.jpg;1
database/train/01.57.jpg;1
database/train/01.58.jpg;1
database/train/01.59.jpg;1
database/train/02.11.jpg;2
database/train/02.12.jpg;2
database/train/02.13.jpg;2
database/train/02.14.jpg;2
database/train/02.15.jpg;2
database/train/02.16.jpg;2
database/train/02.17.jpg;2
database/train/02.18.jpg;2
database/train/02.19.jpg;2
database/train/02.20.jpg;2
database/train/02.21.jpg;2
database/train/02.22.jpg;2
database/train/02.23.jpg;2
database/train/02.24.jpg;2
database/train/02.25.jpg;2
database/train/02.26.jpg;2
database/train/02.27.jpg;2
database/train/02.28.jpg;2
database/train/02.29.jpg;2
database/train/02.30.jpg;2
database/train/02.31.jpg;2
database/train/02.32.jpg;2
database/train/02.33.jpg;2
database/train/02.34.jpg;2
database/train/02.35.jpg;2
database/train/02.36.jpg;2
database/train/02.37.jpg;2
database/train/02.38.jpg;2
database/train/02.39.jpg;2
database/train/02.40.jpg;2
database/train/02.41.jpg;2
database/train/02.42.jpg;2
database/train/02.43.jpg;2
database/train/02.44.jpg;2
database/train/02.45.jpg;2
database/train/02.46.jpg;2
database/train/02.47.jpg;2
database/train/02.48.jpg;2
database/train/02.49.jpg;2
database/train/02.50.jpg;2
database/train/02.51.jpg;2
database/train/02.52.jpg;2
database/train/02.53.jpg;2
database/train/02.54.jpg;2
database/train/02.55.jpg;2
database/train/02.56.jpg;2
database/train/02.57.jpg;2
database/train/02.58.jpg;2
database/train/02.59.jpg;2
database/train/02.60.jpg;2
database/train/02.61.jpg;2
database/train/02.62.jpg;2
database/train/02.63.jpg;2
database/train/03.11.jpg;3
database/train/03.12.jpg;3
database/train/03.13.jpg;3
database/train/03.14.jpg;3
database/train/03.15.jpg;3
database/train/03.16.jpg;3
database/train/03.17.jpg;3
database/train/03.18.jpg;3
database/train/03.19.jpg;3
database/train/03.20.jpg;3
database/train/03.21.jpg;3
database/train/03.22.jpg;3
database/train/03.23.jpg;3
database/train/03.24.jpg;3
database/train/03.25.jpg;3
database/train/03.26.jpg;3
database/train/03.27.jpg;3
database/train/03.28.jpg;3
database/train/03.29.jpg;3
database/train/03.30.jpg;3
database/train/03.31.jpg;3
database/train/03.32.jpg;3
database/train/03.33.jpg;3
database/train/03.34.jpg;3
database/train/03.35.jpg;3
database/train/03.36.jpg;3
database/train/03.37.jpg;3
database/train/03.38.jpg;3
database/train/03.39.jpg;3
database/train/03.40.jpg;3
database/train/03.41.jpg;3
database/train/03.42.jpg;3
database/train/03.43.jpg;3
database/train/03.44.jpg;3
database/train/03.45.jpg;3
database/train/03.46.jpg;3
database/train/03.47.jpg;3
database/train/03.48.jpg;3
database/train/03.49.jpg;3
database/train/03.50.jpg;3
database/train/03.51.jpg;3
database/train/03.52.jpg;3
database/train/03.53.jpg;3
database/train/03.54.jpg;3
database/train/03.55.jpg;3
database/train/03.56.jpg;3
database/train/03.57.jpg;3
database/train/03.58.jpg;3
database/train/03.59.jpg;3
database/train/03.60.jpg;3
database/train/03.61.jpg;3
database/train/03.62.jpg;3
database/train/03.63.jpg;3
database/train/03.64.jpg;3
database/train/03.65.jpg;3
database/train/03.66.jpg;3
database/train/03.67.jpg;3
database/train/03.68.jpg;3
database/train/03.69.jpg;3
database/train/03.70.jpg;3
database/train/03.71.jpg;3
database/train/03.72.jpg;3
database/train/04.11.jpg;4
database/train/04.12.jpg;4
database/train/04.13.jpg;4
database/train/04.14.jpg;4
database/train/04.15.jpg;4
database/train/04.16.jpg;4
database/train/04.17.jpg;4
database/train/04.18.jpg;4
database/train/04.19.jpg;4
database/train/04.20.jpg;4
database/train/04.21.jpg;4
database/train/04.22.jpg;4
database/train/04.23.jpg;4
database/train/04.24.jpg;4
database/train/04.25.jpg;4
database/train/04.26.jpg;4
database/train/04.27.jpg;4
database/train/04.28.jpg;4
database/train/04.29.jpg;4
database/train/04.30.jpg;4
database/train/04.31.jpg;4
database/train/04.32.jpg;4
database/train/04.33.jpg;4
database/train/04.34.jpg;4
database/train/04.35.jpg;4
database/train/04.36.jpg;4
database/train/04.37.jpg;4
database/train/04.38.jpg;4
database/train/04.39.jpg;4
database/train/04.40.jpg;4
database/train/04.41.jpg;4
database/train/04.42.jpg;4
database/train/04.43.jpg;4
database/train/04.44.jpg;4
database/train/04.45.jpg;4
database/train/04.46.jpg;4
database/train/04.47.jpg;4
database/train/04.48.jpg;4
database/train/04.49.jpg;4
database/train/04.50.jpg;4
database/train/04.51.jpg;4
database/train/04.52.jpg;4
database/train/04.53.jpg;4
database/train/04.54.jpg;4
database/train/04.55.jpg;4
database/train/04.56.jpg;4
database/train/04.57.jpg;4
database/train/04.58.jpg;4
database/train/04.59.jpg;4
database/train/04.60.jpg;4
database/train/04.61.jpg;4
database/train/04.62.jpg;4
database/train/04.63.jpg;4
database/train/04.64.jpg;4
database/train/04.65.jpg;4
database/train/04.66.jpg;4
database/train/04.67.jpg;4
database/train/04.68.jpg;4
database/train/04.69.jpg;4
database/train/04.70.jpg;4
database/train/04.71.jpg;4
database/train/04.72.jpg;4
database/train/04.73.jpg;4
database/train/05.11.jpg;5
database/train/05.12.jpg;5
database/train/05.13.jpg;5
database/train/05.14.jpg;5
database/train/05.15.jpg;5
database/train/05.16.jpg;5
database/train/05.17.jpg;5
database/train/05.18.jpg;5
database/train/05.19.jpg;5
database/train/05.20.jpg;5
database/train/05.21.jpg;5
database/train/05.22.jpg;5
database/train/05.23.jpg;5
database/train/05.24.jpg;5
database/train/05.25.jpg;5
database/train/05.26.jpg;5
database/train/05.27.jpg;5
database/train/05.28.jpg;5
database/train/05.29.jpg;5
database/train/05.30.jpg;5
database/train/05.31.jpg;5
database/train/05.32.jpg;5
database/train/05.33.jpg;5
database/train/05.34.jpg;5
database/train/05.35.jpg;5
database/train/05.36.jpg;5
database/train/05.37.jpg;5
database/train/05.38.jpg;5
database/train/05.39.jpg;5
database/train/05.40.jpg;5
database/train/05.41.jpg;5
database/train/05.42.jpg;5
database/train/05.43.jpg;5
database/train/05.44.jpg;5
database/train/05.45.jpg;5
database/train/05.46.jpg;5
database/train/05.47.jpg;5
database/train/05.48.jpg;5
database/train/05.49.jpg;5
database/train/05.50.jpg;5
database/train/05.51.jpg;5
database/train/05.52.jpg;5
database/train/05.53.jpg;5
database/train/05.54.jpg;5
database/train/05.55.jpg;5
database/train/05.56.jpg;5
database/train/06.11.jpg;6
database/train/06.12.jpg;6
database/train/06.13.jpg;6
database/train/06.14.jpg;6
database/train/06.15.jpg;6
database/train/06.16.jpg;6
database/train/06.17.jpg;6
database/train/06.18.jpg;6
database/train/06.19.jpg;6
database/train/06.20.jpg;6
database/train/06.21.jpg;6
database/train/06.22.jpg;6
database/train/06.23.jpg;6
database/train/06.24.jpg;6
database/train/06.25.jpg;6
database/train/06.26.jpg;6
database/train/06.27.jpg;6
database/train/06.28.jpg;6
database/train/06.29.jpg;6
database/train/06.30.jpg;6
database/train/06.31.jpg;6
database/train/06.32.jpg;6
database/train/06.33.jpg;6
database/train/06.34.jpg;6
database/train/06.35.jpg;6
database/train/06.36.jpg;6
database/train/06.37.jpg;6
database/train/06.38.jpg;6
database/train/06.39.jpg;6
database/train/06.40.jpg;6
database/train/06.41.jpg;6
database/train/06.42.jpg;6
database/train/06.43.jpg;6
database/train/06.44.jpg;6
database/train/06.45.jpg;6
database/train/06.46.jpg;6
database/train/06.47.jpg;6
database/train/06.48.jpg;6
database/train/06.49.jpg;6
database/train/06.50.jpg;6
database/train/06.51.jpg;6
database/train/06.52.jpg;6
database/train/06.53.jpg;6
database/train/06.54.jpg;6
database/train/06.55.jpg;6
database/train/06.56.jpg;6
database/train/06.57.jpg;6
database/train/06.58.jpg;6
database/train/06.59.jpg;6
database/train/06.60.jpg;6
database/train/06.61.jpg;6
database/train/06.62.jpg;6
database/train/07.11.jpg;7
database/train/07.12.jpg;7
database/train/07.13.jpg;7
database/train/07.14.jpg;7
database/train/07.15.jpg;7
database/train/07.16.jpg;7
database/train/07.17.jpg;7
database/train/07.18.jpg;7
database/train/07.19.jpg;7
database/train/07.20.jpg;7
database/train/07.21.jpg;7
database/train/07.22.jpg;7
database/train/07.23.jpg;7
database/train/07.24.jpg;7
database/train/07.25.jpg;7
database/train/07.26.jpg;7
database/train/07.27.jpg;7
database/train/07.28.jpg;7
database/train/07.29.jpg;7
database/train/07.30.jpg;7
database/train/07.31.jpg;7
database/train/07.32.jpg;7
database/train/07.33.jpg;7
database/train/07.34.jpg;7
database/train/07.35.jpg;7
database/train/07.36.jpg;7
database/train/07.37.jpg;7
database/train/07.38.jpg;7
database/train/07.39.jpg;7
database/train/07.40.jpg;7
database/train/07.41.jpg;7
database/train/07.42.jpg;7
database/train/07.43.jpg;7
database/train/07.44.jpg;7
database/train/07.45.jpg;7
database/train/07.46.jpg;7
database/train/07.47.jpg;7
database/train/07.48.jpg;7
database/train/07.49.jpg;7
database/train/07.50.jpg;7
database/train/07.51.jpg;7
database/train/07.52.jpg;7
database/train/08.11.jpg;8
database/train/08.12.jpg;8
database/train/08.13.jpg;8
database/train/08.14.jpg;8
database/train/08.15.jpg;8
database/train/08.16.jpg;8
database/train/08.17.jpg;8
database/train/08.18.jpg;8
database/train/08.19.jpg;8
database/train/08.20.jpg;8
database/train/08.21.jpg;8
database/train/08.22.jpg;8
database/train/08.23.jpg;8
database/train/08.24.jpg;8
database/train/08.25.jpg;8
database/train/08.26.jpg;8
database/train/08.27.jpg;8
database/train/08.28.jpg;8
database/train/08.29.jpg;8
database/train/08.30.jpg;8
database/train/08.31.jpg;8
database/train/08.32.jpg;8
database/train/08.33.jpg;8
database/train/08.34.jpg;8
database/train/08.35.jpg;8
database/train/08.36.jpg;8
database/train/08.37.jpg;8
database/train/08.38.jpg;8
database/train/08.39.jpg;8
database/train/08.40.jpg;8
database/train/08.41.jpg;8
database/train/08.42.jpg;8
database/train/08.43.jpg;8
database/train/08.44.jpg;8
database/train/08.45.jpg;8
database/train/08.46.jpg;8
database/train/08.47.jpg;8
database/train/08.48.jpg;8
database/train/08.49.jpg;8
database/train/08.50.jpg;8
database/train/08.51.jpg;8
database/train/08.52.jpg;8
database/train/08.53.jpg;8
database/train/08.54.jpg;8
database/train/08.55.jpg;8
database/train/08.56.jpg;8
database/train/08.57.jpg;8
database/train/08.58.jpg;8
database/train/08.59.jpg;8
database/train/09.11.jpg;9
database/train/09.12.jpg;9
database/train/09.13.jpg;9
database/train/09.14.jpg;9
database/train/09.15.jpg;9
database/train/09.16.jpg;9
database/train/09.17.jpg;9
database/train/09.18.jpg;9
database/train/09.19.jpg;9
database/train/09.20.jpg;9
database/train/09.21.jpg;9
database/train/09.22.jpg;9
database/train/09.23.jpg;9
database/train/09.24.jpg;9
database/train/09.25.jpg;9
database/train/09.26.jpg;9
database/train/09.27.jpg;9
database/train/09.28.jpg;9
database/train/09.29.jpg;9
database/train/09.30.jpg;9
database/train/09.31.jpg;9
database/train/09.32.jpg;9
database/train/09.33.jpg;9
database/train/09.34.jpg;9
database/train/09.35.jpg;9
database/train/09.36.jpg;9
database/train/09.37.jpg;9
database/train/09.38.jpg;9
database/train/09.39.jpg;9
database/train/09.40.jpg;9
database/train/09.41.jpg;9
database/train/09.42.jpg;9
database/train/09.43.jpg;9
database/train/09.44.jpg;9
database/train/09.45.jpg;9
database/train/09.46.jpg;9
database/train/09.47.jpg;9
database/train/09.48.jpg;9
database/train/09.49.jpg;9
database/train/09.50.jpg;9
database/train/09.51.jpg;9
database/train/09.52.jpg;9
database/train/09.53.jpg;9
database/train/09.54.jpg;9
database/train/09.55.jpg;9
database/train/10.11.jpg;10
database/train/10.12.jpg;10
database/train/10.13.jpg;10
database/train/10.14.jpg;10
database/train/10.15.jpg;10
database/train/10.16.jpg;10
database/train/10.17.jpg;10
database/train/10.18.jpg;10
database/train/10.19.jpg;10
database/train/10.20.jpg;10
database/train/10.21.jpg;10
database/train/10.22.jpg;10
database/train/10.23.jpg;10
database/train/10.24.jpg;10
database/train/10.25.jpg;10
database/train/10.26.jpg;10
database/train/10.27.jpg;10
database/train/10.28.jpg;10
database/train/10.29.jpg;10
database/train/10.30.jpg;10
database/train/10.31.jpg;10
database/train/10.32.jpg;10
database/train/10.33.jpg;10
database/train/10.34.jpg;10
database/train/10.35.jpg;10
database/train/10.36.jpg;10
database/train/10.37.jpg;10
database/train/10.38.jpg;10
database/train/10.39.jpg;10
database/train/10.40.jpg;10
database/train/10.41.jpg;10
database/train/10.42.jpg;10
database/train/10.43.jpg;10
database/train/10.44.jpg;10
database/train/10.45.jpg;10
database/train/10.46.jpg;10
database/train/10.47.jpg;10
database/train/10.48.jpg;10
database/train/10.49.jpg;10
database/train/10.50.jpg;10
database/train/10.51.jpg;10
database/train/10.52.jpg;10
database/train/10.53.jpg;10
database/train/10.54.jpg;10
database/train/10.55.jpg;10
database/train/10.56.jpg;10
database/train/10.57.jpg;10
database/train/10.58.jpg;10
database/train/10.59.jpg;10
database/train/10.60.jpg;10
database/train/10.61.jpg;10
database/train/10.62.jpg;10
database/train/10.63.jpg;10
database/train/10.64.jpg;10
database/train/10.65.jpg;10
database/train/11.11.jpg;11
database/train/11.12.jpg;11
database/train/11.13.jpg;11
database/train/11.14.jpg;11
database/train/11.15.jpg;11
database/train/11.16.jpg;11
database/train/11.17.jpg;11
database/train/11.18.jpg;11
database/train/11.19.jpg;11
database/train/11.20.jpg;11
database/train/11.21.jpg;11
database/train/11.22.jpg;11
database/train/11.23.jpg;11
database/train/11.24.jpg;11
database/train/11.25.jpg;11
database/train/11.26.jpg;11
database/train/11.27.jpg;11
database/train/11.28.jpg;11
database/train/11.29.jpg;11
database/train/11.30.jpg;11
database/train/11.31.jpg;11
database/train/11.32.jpg;11
database/train/11.33.jpg;11
database/train/11.34.jpg;11
database/train/11.35.jpg;11
database/train/11.36.jpg;11
database/train/11.37.jpg;11
database/train/11.38.jpg;11
database/train/11.39.jpg;11
database/train/11.40.jpg;11
database/train/11.41.jpg;11
database/train/11.42.jpg;11
database/train/11.43.jpg;11
database/train/11.44.jpg;11
database/train/11.45.jpg;11
database/train/11.46.jpg;11
database/train/11.47.jpg;11
database/train/11.48.jpg;11
database/train/11.49.jpg;11
database/train/11.50.jpg;11
database/train/12.11.jpg;12
database/train/12.12.jpg;12
database/train/12.13.jpg;12
database/train/12.14.jpg;12
database/train/12.15.jpg;12
database/train/12.16.jpg;12
database/train/12.17.jpg;12
database/train/12.18.jpg;12
database/train/12.19.jpg;12
database/train/12.20.jpg;12
database/train/12.21.jpg;12
database/train/12.22.jpg;12
database/train/12.23.jpg;12
database/train/12.24.jpg;12
database/train/12.25.jpg;12
database/train/12.26.jpg;12
database/train/12.27.jpg;12
database/train/12.28.jpg;12
database/train/12.29.jpg;12
database/train/12.30.jpg;12
database/train/12.31.jpg;12
database/train/12.32.jpg;12
database/train/12.33.jpg;12
database/train/12.34.jpg;12
database/train/12.35.jpg;12
database/train/12.36.jpg;12
database/train/12.37.jpg;12
database/train/12.38.jpg;12
database/train/12.39.jpg;12
database/train/12.40.jpg;12
database/train/12.41.jpg;12
database/train/12.42.jpg;12
database/train/12.43.jpg;12
database/train/12.44.jpg;12
database/train/12.45.jpg;12
database/train/12.46.jpg;12
database/train/12.47.jpg;12
database/train/12.48.jpg;12
database/train/12.49.jpg;12
database/train/12.50.jpg;12
database/train/12.51.jpg;12
database/train/12.52.jpg;12
database/train/12.53.jpg;12
database/train/12.54.jpg;12
database/train/12.55.jpg;12
database/train/12.56.jpg;12
database/train/12.57.jpg;12
database/train/12.58.jpg;12
database/train/12.59.jpg;12
database/train/12.60.jpg;12
database/train/12.61.jpg;12
database/train/12.62.jpg;12
database/train/12.63.jpg;12
database/train/13.11.jpg;13
database/train/13.12.jpg;13
database/train/13.13.jpg;13
database/train/13.14.jpg;13
database/train/13.15.jpg;13
database/train/13.16.jpg;13
database/train/13.17.jpg;13
database/train/13.18.jpg;13
database/train/13.19.jpg;13
database/train/13.20.jpg;13
database/train/13.21.jpg;13
database/train/13.22.jpg;13
database/train/13.23.jpg;13
database/train/13.24.jpg;13
database/train/13.25.jpg;13
database/train/13.26.jpg;13
database/train/13.27.jpg;13
database/train/13.28.jpg;13
database/train/13.29.jpg;13
database/train/13.30.jpg;13
database/train/13.31.jpg;13
database/train/13.32.jpg;13
database/train/13.33.jpg;13
database/train/13.34.jpg;13
database/train/13.35.jpg;13
database/train/13.36.jpg;13
database/train/13.37.jpg;13
database/train/13.38.jpg;13
database/train/13.39.jpg;13
database/train/13.40.jpg;13
database/train/13.41.jpg;13
database/train/13.42.jpg;13
database/train/13.43.jpg;13
database/train/13.44.jpg;13
database/train/13.45.jpg;13
database/train/13.46.jpg;13
database/train/13.47.jpg;13
database/train/13.48.jpg;13
database/train/13.49.jpg;13
database/train/13.50.jpg;13
database/train/13.51.jpg;13
database/train/13.52.jpg;13
database/train/14.11.jpg;14
database/train/14.12.jpg;14
database/train/14.13.jpg;14
database/train/14.14.jpg;14
database/train/14.15.jpg;14
database/train/14.16.jpg;14
database/train/14.17.jpg;14
database/train/14.18.jpg;14
database/train/14.19.jpg;14
database/train/14.20.jpg;14
database/train/14.21.jpg;14
database/train/14.22.jpg;14
database/train/14.23.jpg;14
database/train/14.24.jpg;14
database/train/14.25.jpg;14
database/train/14.26.jpg;14
database/train/14.27.jpg;14
database/train/14.28.jpg;14
database/train/14.29.jpg;14
database/train/14.30.jpg;14
database/train/14.31.jpg;14
database/train/14.32.jpg;14
database/train/14.33.jpg;14
database/train/14.34.jpg;14
database/train/14.35.jpg;14
database/train/14.36.jpg;14
database/train/14.37.jpg;14
database/train/14.38.jpg;14
database/train/14.39.jpg;14
database/train/14.40.jpg;14
database/train/14.41.jpg;14
database/train/14.42.jpg;14
database/train/14.43.jpg;14
database/train/14.44.jpg;14
database/train/14.45.jpg;14
database/train/14.46.jpg;14
database/train/14.47.jpg;14
database/train/14.48.jpg;14
database/train/14.49.jpg;14
database/train/14.50.jpg;14
database/train/14.51.jpg;14
database/train/14.52.jpg;14
database/train/14.53.jpg;14
database/train/14.54.jpg;14
database/train/14.55.jpg;14
database/train/14.56.jpg;14
database/train/14.57.jpg;14
database/train/14.58.jpg;14
database/train/14.59.jpg;14
database/train/14.60.jpg;14
database/train/14.61.jpg;14
database/train/14.62.jpg;14
database/train/14.63.jpg;14
database/train/14.64.jpg;14
database/train/14.65.jpg;14
database/train/15.11.jpg;15
database/train/15.12.jpg;15
database/train/15.13.jpg;15
database/train/15.14.jpg;15
database/train/15.15.jpg;15
database/train/15.16.jpg;15
database/train/15.17.jpg;15
database/train/15.18.jpg;15
database/train/15.19.jpg;15
database/train/15.20.jpg;15
database/train/15.21.jpg;15
database/train/15.22.jpg;15
database/train/15.23.jpg;15
database/train/15.24.jpg;15
database/train/15.25.jpg;15
database/train/15.26.jpg;15
database/train/15.27.jpg;15
database/train/15.28.jpg;15
database/train/15.29.jpg;15
database/train/15.30.jpg;15
database/train/15.31.jpg;15
database/train/15.32.jpg;15
database/train/15.33.jpg;15
database/train/15.34.jpg;15
database/train/15.35.jpg;15
database/train/15.36.jpg;15
database/train/15.37.jpg;15
database/train/15.38.jpg;15
database/train/15.39.jpg;15
database/train/15.40.jpg;15
database/train/15.41.jpg;15
database/train/15.42.jpg;15
database/train/15.43.jpg;15
database/train/15.44.jpg;15
database/train/15.45.jpg;15
database/train/15.46.jpg;15
database/train/15.47.jpg;15
database/train/15.48.jpg;15
database/train/15.49.jpg;15
database/train/15.50.jpg;15
database/train/15.51.jpg;15
database/train/15.52.jpg;15
database/train/15.53.jpg;15
database/train/15.54.jpg;15
database/train/15.55.jpg;15
database/train/15.56.jpg;15
database/train/15.57.jpg;15
database/train/15.58.jpg;15
database/train/15.59.jpg;15
database/train/15.60.jpg;15
database/train/16.11.jpg;16
database/train/16.12.jpg;16
database/train/16.13.jpg;16
database/train/16.14.jpg;16
database/train/16.15.jpg;16
database/train/16.16.jpg;16
database/train/16.17.jpg;16
database/train/16.18.jpg;16
database/train/16.19.jpg;16
database/train/16.20.jpg;16
database/train/16.21.jpg;16
database/train/16.22.jpg;16
database/train/16.23.jpg;16
database/train/16.24.jpg;16
database/train/16.25.jpg;16
database/train/16.26.jpg;16
database/train/16.27.jpg;16
database/train/16.28.jpg;16
database/train/16.29.jpg;16
database/train/16.30.jpg;16
database/train/16.31.jpg;16
database/train/16.32.jpg;16
database/train/16.33.jpg;16
database/train/16.34.jpg;16
database/train/16.35.jpg;16
database/train/16.36.jpg;16
database/train/16.37.jpg;16
database/train/16.38.jpg;16
database/train/16.39.jpg;16
database/train/16.40.jpg;16
database/train/16.41.jpg;16
database/train/16.42.jpg;16
database/train/16.43.jpg;16
database/train/16.44.jpg;16
database/train/16.45.jpg;16
database/train/16.46.jpg;16
database/train/16.47.jpg;16
database/train/16.48.jpg;16
database/train/16.49.jpg;16
database/train/16.50.jpg;16
database/train/16.51.jpg;16
database/train/16.52.jpg;16
database/train/16.53.jpg;16
database/train/16.54.jpg;16
database/train/16.55.jpg;16
database/train/16.56.jpg;16
database/train/17.11.jpg;17
database/train/17.12.jpg;17
database/train/17.13.jpg;17
database/train/17.14.jpg;17
database/train/17.15.jpg;17
database/train/17.16.jpg;17
database/train/17.17.jpg;17
database/train/17.18.jpg;17
database/train/17.19.jpg;17
database/train/17.20.jpg;17
database/train/17.21.jpg;17
database/train/17.22.jpg;17
database/train/17.23.jpg;17
database/train/17.24.jpg;17
database/train/17.25.jpg;17
database/train/17.26.jpg;17
database/train/17.27.jpg;17
database/train/17.28.jpg;17
database/train/17.29.jpg;17
database/train/17.30.jpg;17
database/train/17.31.jpg;17
database/train/17.32.jpg;17
database/train/17.33.jpg;17
database/train/17.34.jpg;17
database/train/17.35.jpg;17
database/train/17.36.jpg;17
database/train/17.37.jpg;17
database/train/17.38.jpg;17
database/train/17.39.jpg;17
database/train/17.40.jpg;17
database/train/17.41.jpg;17
database/train/17.42.jpg;17
database/train/17.43.jpg;17
database/train/17.44.jpg;17
database/train/17.45.jpg;17
database/train/17.46.jpg;17
database/train/17.47.jpg;17
database/train/17.48.jpg;17
database/train/17.49.jpg;17
database/train/17.50.jpg;17
database/train/17.51.jpg;17
database/train/17.52.jpg;17
database/train/17.53.jpg;17
database/train/17.54.jpg;17
database/train/17.55.jpg;17
database/train/17.56.jpg;17
database/train/17.57.jpg;17
database/train/17.58.jpg;17
database/train/17.59.jpg;17
database/train/17.60.jpg;17
database/train/17.61.jpg;17
database/train/17.62.jpg;17
database/train/17.63.jpg;17
database/train/17.64.jpg;17
database/train/17.65.jpg;17
database/train/17.66.jpg;17
database/train/17.67.jpg;17
database/train/17.68.jpg;17
database/train/17.69.jpg;17
database/train/17.70.jpg;17
database/train/17.71.jpg;17
database/train/17.72.jpg;17
database/train/17.73.jpg;17
database/train/17.74.jpg;17
database/train/17.75.jpg;17
database/train/17.76.jpg;17
database/train/17.77.jpg;17
database/train/18.11.jpg;18
database/train/18.12.jpg;18
database/train/18.13.jpg;18
database/train/18.14.jpg;18
database/train/18.15.jpg;18
database/train/18.16.jpg;18
database/train/18.17.jpg;18
database/train/18.18.jpg;18
database/train/18.19.jpg;18
database/train/18.20.jpg;18
database/train/18.21.jpg;18
database/train/18.22.jpg;18
database/train/18.23.jpg;18
database/train/18.24.jpg;18
database/train/18.25.jpg;18
database/train/18.26.jpg;18
database/train/18.27.jpg;18
database/train/18.28.jpg;18
database/train/18.29.jpg;18
database/train/18.30.jpg;18
database/train/18.31.jpg;18
database/train/18.32.jpg;18
database/train/18.33.jpg;18
database/train/18.34.jpg;18
database/train/18.35.jpg;18
database/train/18.36.jpg;18
database/train/18.37.jpg;18
database/train/18.38.jpg;18
database/train/18.39.jpg;18
database/train/18.40.jpg;18
database/train/18.41.jpg;18
database/train/18.42.jpg;18
database/train/18.43.jpg;18
database/train/18.44.jpg;18
database/train/18.45.jpg;18
database/train/18.46.jpg;18
database/train/18.47.jpg;18
database/train/18.48.jpg;18
database/train/18.49.jpg;18
database/train/18.50.jpg;18
database/train/18.51.jpg;18
database/train/18.52.jpg;18
database/train/18.53.jpg;18
database/train/18.54.jpg;18
database/train/18.55.jpg;18
database/train/18.56.jpg;18
database/train/18.57.jpg;18
database/train/18.58.jpg;18
database/train/18.59.jpg;18
database/train/18.60.jpg;18
database/train/18.61.jpg;18
database/train/18.62.jpg;18
database/train/19.11.jpg;19
database/train/19.12.jpg;19
database/train/19.13.jpg;19
database/train/19.14.jpg;19
database/train/19.15.jpg;19
database/train/19.16.jpg;19
database/train/19.17.jpg;19
database/train/19.18.jpg;19
database/train/19.19.jpg;19
database/train/19.20.jpg;19
database/train/19.21.jpg;19
database/train/19.22.jpg;19
database/train/19.23.jpg;19
database/train/19.24.jpg;19
database/train/19.25.jpg;19
database/train/19.26.jpg;19
database/train/19.27.jpg;19
database/train/19.28.jpg;19
database/train/19.29.jpg;19
database/train/19.30.jpg;19
database/train/19.31.jpg;19
database/train/19.32.jpg;19
database/train/19.33.jpg;19
database/train/19.34.jpg;19
database/train/19.35.jpg;19
database/train/19.36.jpg;19
database/train/19.37.jpg;19
database/train/19.38.jpg;19
database/train/19.39.jpg;19
database/train/19.40.jpg;19
database/train/19.41.jpg;19
database/train/19.42.jpg;19
database/train/19.43.jpg;19
database/train/19.44.jpg;19
database/train/19.45.jpg;19
database/train/19.46.jpg;19
database/train/19.47.jpg;19
database/train/19.48.jpg;19
database/train/19.49.jpg;19
database/train/19.50.jpg;19
database/train/19.51.jpg;19
database/train/19.52.jpg;19
database/train/19.53.jpg;19
database/train/19.54.jpg;19
database/train/19.55.jpg;19
database/train/19.56.jpg;19
database/train/19.57.jpg;19
database/train/19.58.jpg;19
database/train/19.59.jpg;19
database/train/19.60.jpg;19
database/train/19.61.jpg;19
database/train/20.11.jpg;20
database/train/20.12.jpg;20
database/train/20.13.jpg;20
database/train/20.14.jpg;20
database/train/20.15.jpg;20
database/train/20.16.jpg;20
database/train/20.17.jpg;20
database/train/20.18.jpg;20
database/train/20.19.jpg;20
database/train/20.20.jpg;20
database/train/20.21.jpg;20
database/train/20.22.jpg;20
database/train/20.23.jpg;20
database/train/20.24.jpg;20
database/train/20.25.jpg;20
database/train/20.26.jpg;20
database/train/20.27.jpg;20
database/train/20.28.jpg;20
database/train/20.29.jpg;20
database/train/20.30.jpg;20
database/train/20.31.jpg;20
database/train/20.32.jpg;20
database/train/20.33.jpg;20
database/train/20.34.jpg;20
database/train/20.35.jpg;20
database/train/20.36.jpg;20
database/train/20.37.jpg;20
database/train/20.38.jpg;20
database/train/20.39.jpg;20
database/train/20.40.jpg;20
database/train/20.41.jpg;20
database/train/20.42.jpg;20
database/train/20.43.jpg;20
database/train/20.44.jpg;20
database/train/20.45.jpg;20
database/train/20.46.jpg;20
database/train/20.47.jpg;20
database/train/20.48.jpg;20
database/train/20.49.jpg;20
database/train/20.50.jpg;20
database/train/20.51.jpg;20
database/train/20.52.jpg;20
database/train/20.53.jpg;20
database/train/20.54.jpg;20
database/train/20.55.jpg;20
database/train/20.56.jpg;20
database/train/20.57.jpg;20
database/train/20.58.jpg;20
database/train/20.59.jpg;20
database/train/20.60.jpg;20
database/train/20.61.jpg;20
database/train/20.62.jpg;20
database/train/20.63.jpg;20
database/train/20.64.jpg;20
database/train/20.65.jpg;20
database/train/20.66.jpg;20
database/train/21.11.jpg;21
database/train/21.12.jpg;21
database/train/21.13.jpg;21
database/train/21.14.jpg;21
database/train/21.15.jpg;21
database/train/21.16.jpg;21
database/train/21.17.jpg;21
database/train/21.18.jpg;21
database/train/21.19.jpg;21
database/train/21.20.jpg;21
database/train/21.21.jpg;21
database/train/21.22.jpg;21
database/train/21.23.jpg;21
database/train/21.24.jpg;21
database/train/21.25.jpg;21
database/train/21.26.jpg;21
database/train/21.27.jpg;21
database/train/21.28.jpg;21
database/train/21.29.jpg;21
database/train/21.30.jpg;21
database/train/21.31.jpg;21
database/train/21.32.jpg;21
database/train/21.33.jpg;21
database/train/21.34.jpg;21
database/train/21.35.jpg;21
database/train/21.36.jpg;21
database/train/21.37.jpg;21
database/train/21.38.jpg;21
database/train/21.39.jpg;21
database/train/21.40.jpg;21
database/train/21.41.jpg;21
database/train/21.42.jpg;21
database/train/21.43.jpg;21
database/train/21.44.jpg;21
database/train/21.45.jpg;21
database/train/21.46.jpg;21
database/train/21.47.jpg;21
database/train/21.48.jpg;21
database/train/21.49.jpg;21
database/train/21.50.jpg;21
database/train/21.51.jpg;21
database/train/21.52.jpg;21
database/train/21.53.jpg;21
database/train/21.54.jpg;21
database/train/21.55.jpg;21
database/train/21.56.jpg;21
database/train/21.57.jpg;21
database/train/21.58.jpg;21
database/train/21.59.jpg;21
database/train/21.60.jpg;21
database/train/22.11.jpg;22
database/train/22.12.jpg;22
database/train/22.13.jpg;22
database/train/22.14.jpg;22
database/train/22.15.jpg;22
database/train/22.16.jpg;22
database/train/22.17.jpg;22
database/train/22.18.jpg;22
database/train/22.19.jpg;22
database/train/22.20.jpg;22
database/train/22.21.jpg;22
database/train/22.22.jpg;22
database/train/22.23.jpg;22
database/train/22.24.jpg;22
database/train/22.25.jpg;22
database/train/22.26.jpg;22
database/train/22.27.jpg;22
database/train/22.28.jpg;22
database/train/22.29.jpg;22
database/train/22.30.jpg;22
database/train/22.31.jpg;22
database/train/22.32.jpg;22
database/train/22.33.jpg;22
database/train/22.34.jpg;22
database/train/22.35.jpg;22
database/train/22.36.jpg;22
database/train/22.37.jpg;22
database/train/22.38.jpg;22
database/train/22.39.jpg;22
database/train/22.40.jpg;22
database/train/22.41.jpg;22
database/train/22.42.jpg;22
database/train/22.43.jpg;22
database/train/22.44.jpg;22
database/train/22.45.jpg;22
database/train/22.46.jpg;22
database/train/22.47.jpg;22
database/train/22.48.jpg;22
database/train/22.49.jpg;22
database/train/22.50.jpg;22
database/train/22.51.jpg;22
database/train/22.52.jpg;22
database/train/22.53.jpg;22
database/train/22.54.jpg;22
database/train/22.55.jpg;22
database/train/23.11.jpg;23
database/train/23.12.jpg;23
database/train/23.13.jpg;23
database/train/23.14.jpg;23
database/train/23.15.jpg;23
database/train/23.16.jpg;23
database/train/23.17.jpg;23
database/train/23.18.jpg;23
database/train/23.19.jpg;23
database/train/23.20.jpg;23
database/train/23.21.jpg;23
database/train/23.22.jpg;23
database/train/23.23.jpg;23
database/train/23.24.jpg;23
database/train/23.25.jpg;23
database/train/23.26.jpg;23
database/train/23.27.jpg;23
database/train/23.28.jpg;23
database/train/23.29.jpg;23
database/train/23.30.jpg;23
database/train/23.31.jpg;23
database/train/23.32.jpg;23
database/train/23.33.jpg;23
database/train/23.34.jpg;23
database/train/23.35.jpg;23
database/train/23.36.jpg;23
database/train/23.37.jpg;23
database/train/23.38.jpg;23
database/train/23.39.jpg;23
database/train/23.40.jpg;23
database/train/23.41.jpg;23
database/train/23.42.jpg;23
database/train/23.43.jpg;23
database/train/23.44.jpg;23
database/train/23.45.jpg;23
database/train/23.46.jpg;23
database/train/23.47.jpg;23
database/train/23.48.jpg;23
database/train/23.49.jpg;23
database/train/23.50.jpg;23
database/train/23.51.jpg;23
database/train/23.52.jpg;23
database/train/23.53.jpg;23
database/train/23.54.jpg;23
database/train/23.55.jpg;23
database/train/24.11.jpg;24
database/train/24.12.jpg;24
database/train/24.13.jpg;24
database/train/24.14.jpg;24
database/train/24.15.jpg;24
database/train/24.16.jpg;24
database/train/24.17.jpg;24
database/train/24.18.jpg;24
database/train/24.19.jpg;24
database/train/24.20.jpg;24
database/train/24.21.jpg;24
database/train/24.22.jpg;24
database/train/24.23.jpg;24
database/train/24.24.jpg;24
database/train/24.25.jpg;24
database/train/24.26.jpg;24
database/train/24.27.jpg;24
database/train/24.28.jpg;24
database/train/24.29.jpg;24
database/train/24.30.jpg;24
database/train/24.31.jpg;24
database/train/24.32.jpg;24
database/train/24.33.jpg;24
database/train/24.34.jpg;24
database/train/24.35.jpg;24
database/train/24.36.jpg;24
database/train/24.37.jpg;24
database/train/24.38.jpg;24
database/train/24.39.jpg;24
database/train/24.40.jpg;24
database/train/24.41.jpg;24
database/train/24.42.jpg;24
database/train/24.43.jpg;24
database/train/24.44.jpg;24
database/train/24.45.jpg;24
database/train/24.46.jpg;24
database/train/24.47.jpg;24
database/train/24.48.jpg;24
database/train/24.49.jpg;24
database/train/24.50.jpg;24
database/train/24.51.jpg;24
database/train/24.52.jpg;24
database/train/24.53.jpg;24
database/train/24.54.jpg;24
database/train/24.55.jpg;24
database/train/24.56.jpg;24
database/train/24.57.jpg;24
database/train/24.58.jpg;24
database/train/24.59.jpg;24
database/train/24.60.jpg;24
database/train/24.61.jpg;24
database/train/24.62.jpg;24
database/train/24.63.jpg;24
database/train/24.64.jpg;24
database/train/24.65.jpg;24
database/train/25.11.jpg;25
database/train/25.12.jpg;25
database/train/25.13.jpg;25
database/train/25.14.jpg;25
database/train/25.15.jpg;25
database/train/25.16.jpg;25
database/train/25.17.jpg;25
database/train/25.18.jpg;25
database/train/25.19.jpg;25
database/train/25.20.jpg;25
database/train/25.21.jpg;25
database/train/25.22.jpg;25
database/train/25.23.jpg;25
database/train/25.24.jpg;25
database/train/25.25.jpg;25
database/train/25.26.jpg;25
database/train/25.27.jpg;25
database/train/25.28.jpg;25
database/train/25.29.jpg;25
database/train/25.30.jpg;25
database/train/25.31.jpg;25
database/train/25.32.jpg;25
database/train/25.33.jpg;25
database/train/25.34.jpg;25
database/train/25.35.jpg;25
database/train/25.36.jpg;25
database/train/25.37.jpg;25
database/train/25.38.jpg;25
database/train/25.39.jpg;25
database/train/25.40.jpg;25
database/train/25.41.jpg;25
database/train/25.42.jpg;25
database/train/25.43.jpg;25
database/train/25.44.jpg;25
database/train/25.45.jpg;25
database/train/25.46.jpg;25
database/train/25.47.jpg;25
database/train/25.48.jpg;25
database/train/25.49.jpg;25
database/train/25.50.jpg;25
database/train/25.51.jpg;25
database/train/25.52.jpg;25
database/train/25.53.jpg;25
database/train/25.54.jpg;25
database/train/26.11.jpg;26
database/train/26.12.jpg;26
database/train/26.13.jpg;26
database/train/26.14.jpg;26
database/train/26.15.jpg;26
database/train/26.16.jpg;26
database/train/26.17.jpg;26
database/train/26.18.jpg;26
database/train/26.19.jpg;26
database/train/26.20.jpg;26
database/train/26.21.jpg;26
database/train/26.22.jpg;26
database/train/26.23.jpg;26
database/train/26.24.jpg;26
database/train/26.25.jpg;26
database/train/26.26.jpg;26
database/train/26.27.jpg;26
database/train/26.28.jpg;26
database/train/26.29.jpg;26
database/train/26.30.jpg;26
database/train/26.31.jpg;26
database/train/26.32.jpg;26
database/train/26.33.jpg;26
database/train/26.34.jpg;26
database/train/26.35.jpg;26
database/train/26.36.jpg;26
database/train/26.37.jpg;26
database/train/26.38.jpg;26
database/train/26.39.jpg;26
database/train/26.40.jpg;26
database/train/26.41.jpg;26
database/train/26.42.jpg;26
database/train/26.43.jpg;26
database/train/26.44.jpg;26
database/train/26.45.jpg;26
database/train/26.46.jpg;26
database/train/26.47.jpg;26
database/train/26.48.jpg;26
database/train/26.49.jpg;26
database/train/26.50.jpg;26
database/train/26.51.jpg;26
database/train/26.52.jpg;26
database/train/27.11.jpg;27
database/train/27.12.jpg;27
database/train/27.13.jpg;27
database/train/27.14.jpg;27
database/train/27.15.jpg;27
database/train/27.16.jpg;27
database/train/27.17.jpg;27
database/train/27.18.jpg;27
database/train/27.19.jpg;27
database/train/27.20.jpg;27
database/train/27.21.jpg;27
database/train/27.22.jpg;27
database/train/27.23.jpg;27
database/train/27.24.jpg;27
database/train/27.25.jpg;27
database/train/27.26.jpg;27
database/train/27.27.jpg;27
database/train/27.28.jpg;27
database/train/27.29.jpg;27
database/train/27.30.jpg;27
database/train/27.31.jpg;27
database/train/27.32.jpg;27
database/train/27.33.jpg;27
database/train/27.34.jpg;27
database/train/27.35.jpg;27
database/train/27.36.jpg;27
database/train/27.37.jpg;27
database/train/27.38.jpg;27
database/train/27.39.jpg;27
database/train/27.40.jpg;27
database/train/27.41.jpg;27
database/train/27.42.jpg;27
database/train/27.43.jpg;27
database/train/27.44.jpg;27
database/train/27.45.jpg;27
database/train/27.46.jpg;27
database/train/27.47.jpg;27
database/train/27.48.jpg;27
database/train/27.49.jpg;27
database/train/27.50.jpg;27
database/train/27.51.jpg;27
database/train/27.52.jpg;27
database/train/27.53.jpg;27
database/train/28.11.jpg;28
database/train/28.12.jpg;28
database/train/28.13.jpg;28
database/train/28.14.jpg;28
database/train/28.15.jpg;28
database/train/28.16.jpg;28
database/train/28.17.jpg;28
database/train/28.18.jpg;28
database/train/28.19.jpg;28
database/train/28.20.jpg;28
database/train/28.21.jpg;28
database/train/28.22.jpg;28
database/train/28.23.jpg;28
database/train/28.24.jpg;28
database/train/28.25.jpg;28
database/train/28.26.jpg;28
database/train/28.27.jpg;28
database/train/28.28.jpg;28
database/train/28.29.jpg;28
database/train/28.30.jpg;28
database/train/28.31.jpg;28
database/train/28.32.jpg;28
database/train/28.33.jpg;28
database/train/28.34.jpg;28
database/train/28.35.jpg;28
database/train/28.36.jpg;28
database/train/28.37.jpg;28
database/train/28.38.jpg;28
database/train/28.39.jpg;28
database/train/28.40.jpg;28
database/train/28.41.jpg;28
database/train/28.42.jpg;28
database/train/28.43.jpg;28
database/train/28.44.jpg;28
database/train/28.45.jpg;28
database/train/28.46.jpg;28
database/train/28.47.jpg;28
database/train/28.48.jpg;28
database/train/28.49.jpg;28
database/train/28.50.jpg;28
database/train/28.51.jpg;28
database/train/28.52.jpg;28
database/train/28.53.jpg;28
database/train/28.54.jpg;28
database/train/28.55.jpg;28
database/train/29.11.jpg;29
database/train/29.12.jpg;29
database/train/29.13.jpg;29
database/train/29.14.jpg;29
database/train/29.15.jpg;29
database/train/29.16.jpg;29
database/train/29.17.jpg;29
database/train/29.18.jpg;29
database/train/29.19.jpg;29
database/train/29.20.jpg;29
database/train/29.21.jpg;29
database/train/29.22.jpg;29
database/train/29.23.jpg;29
database/train/29.24.jpg;29
database/train/29.25.jpg;29
database/train/29.26.jpg;29
database/train/29.27.jpg;29
database/train/29.28.jpg;29
database/train/29.29.jpg;29
database/train/29.30.jpg;29
database/train/29.31.jpg;29
database/train/29.32.jpg;29
database/train/29.33.jpg;29
database/train/29.34.jpg;29
database/train/29.35.jpg;29
database/train/29.36.jpg;29
database/train/29.37.jpg;29
database/train/29.38.jpg;29
database/train/29.39.jpg;29
database/train/29.40.jpg;29
database/train/29.41.jpg;29
database/train/29.42.jpg;29
database/train/29.43.jpg;29
database/train/29.44.jpg;29
database/train/29.45.jpg;29
database/train/29.46.jpg;29
database/train/29.47.jpg;29
database/train/29.48.jpg;29
database/train/29.49.jpg;29
database/train/29.50.jpg;29
database/train/29.51.jpg;29
database/train/29.52.jpg;29
database/train/29.53.jpg;29
database/train/29.54.jpg;29
database/train/29.55.jpg;29
database/train/29.56.jpg;29
database/train/29.57.jpg;29
database/train/30.11.jpg;30
database/train/30.12.jpg;30
database/train/30.13.jpg;30
database/train/30.14.jpg;30
database/train/30.15.jpg;30
database/train/30.16.jpg;30
database/train/30.17.jpg;30
database/train/30.18.jpg;30
database/train/30.19.jpg;30
database/train/30.20.jpg;30
database/train/30.21.jpg;30
database/train/30.22.jpg;30
database/train/30.23.jpg;30
database/train/30.24.jpg;30
database/train/30.25.jpg;30
database/train/30.26.jpg;30
database/train/30.27.jpg;30
database/train/30.28.jpg;30
database/train/30.29.jpg;30
database/train/30.30.jpg;30
database/train/30.31.jpg;30
database/train/30.32.jpg;30
database/train/30.33.jpg;30
database/train/30.34.jpg;30
database/train/30.35.jpg;30
database/train/30.36.jpg;30
database/train/30.37.jpg;30
database/train/30.38.jpg;30
database/train/30.39.jpg;30
database/train/30.40.jpg;30
database/train/30.41.jpg;30
database/train/30.42.jpg;30
database/train/30.43.jpg;30
database/train/30.44.jpg;30
database/train/30.45.jpg;30
database/train/30.46.jpg;30
database/train/30.47.jpg;30
database/train/30.48.jpg;30
database/train/30.49.jpg;30
database/train/30.50.jpg;30
database/train/30.51.jpg;30
database/train/30.52.jpg;30
database/train/30.53.jpg;30
database/train/30.54.jpg;30
database/train/30.55.jpg;30
database/train/30.56.jpg;30
database/train/30.57.jpg;30
database/train/30.58.jpg;30
database/train/30.59.jpg;30
database/train/30.60.jpg;30
database/train/30.61.jpg;30
database/train/30.62.jpg;30
database/train/30.63.jpg;30
database/train/30.64.jpg;30
database/train/31.11.jpg;31
database/train/31.12.jpg;31
database/train/31.13.jpg;31
database/train/31.14.jpg;31
database/train/31.15.jpg;31
database/train/31.16.jpg;31
database/train/31.17.jpg;31
database/train/31.18.jpg;31
database/train/31.19.jpg;31
database/train/31.20.jpg;31
database/train/31.21.jpg;31
database/train/31.22.jpg;31
database/train/31.23.jpg;31
database/train/31.24.jpg;31
database/train/31.25.jpg;31
database/train/31.26.jpg;31
database/train/31.27.jpg;31
database/train/31.28.jpg;31
database/train/31.29.jpg;31
database/train/31.30.jpg;31
database/train/31.31.jpg;31
database/train/31.32.jpg;31
database/train/31.33.jpg;31
database/train/31.34.jpg;31
database/train/31.35.jpg;31
database/train/31.36.jpg;31
database/train/31.37.jpg;31
database/train/31.38.jpg;31
database/train/31.39.jpg;31
database/train/31.40.jpg;31
database/train/31.41.jpg;31
database/train/31.42.jpg;31
database/train/31.43.jpg;31
database/train/31.44.jpg;31
database/train/31.45.jpg;31
database/train/31.46.jpg;31
database/train/31.47.jpg;31
database/train/31.48.jpg;31
database/train/31.49.jpg;31
database/train/31.50.jpg;31
database/train/31.51.jpg;31
database/train/31.52.jpg;31
database/train/31.53.jpg;31
database/train/32.11.jpg;32
database/train/32.12.jpg;32
database/train/32.13.jpg;32
database/train/32.14.jpg;32
database/train/32.15.jpg;32
database/train/32.16.jpg;32
database/train/32.17.jpg;32
database/train/32.18.jpg;32
database/train/32.19.jpg;32
database/train/32.20.jpg;32
database/train/32.21.jpg;32
database/train/32.22.jpg;32
database/train/32.23.jpg;32
database/train/32.24.jpg;32
database/train/32.25.jpg;32
database/train/32.26.jpg;32
database/train/32.27.jpg;32
database/train/32.28.jpg;32
database/train/32.29.jpg;32
database/train/32.30.jpg;32
database/train/32.31.jpg;32
database/train/32.32.jpg;32
database/train/32.33.jpg;32
database/train/32.34.jpg;32
database/train/32.35.jpg;32
database/train/32.36.jpg;32
database/train/32.37.jpg;32
database/train/32.38.jpg;32
database/train/32.39.jpg;32
database/train/32.40.jpg;32
database/train/32.41.jpg;32
database/train/32.42.jpg;32
database/train/32.43.jpg;32
database/train/32.44.jpg;32
database/train/32.45.jpg;32
database/train/32.46.jpg;32
database/train/32.47.jpg;32
database/train/32.48.jpg;32
database/train/32.49.jpg;32
database/train/32.50.jpg;32
database/train/32.51.jpg;32
database/train/32.52.jpg;32
database/train/32.53.jpg;32
database/train/32.54.jpg;32
database/train/32.55.jpg;32
database/train/32.56.jpg;32
