experiment/train/01.11.jpg;1
experiment/train/01.12.jpg;1
experiment/train/01.13.jpg;1
experiment/train/01.14.jpg;1
experiment/train/01.15.jpg;1
experiment/train/01.16.jpg;1
experiment/train/01.17.jpg;1
experiment/train/01.18.jpg;1
experiment/train/01.19.jpg;1
experiment/train/01.20.jpg;1
experiment/train/02.11.jpg;2
experiment/train/02.12.jpg;2
experiment/train/02.13.jpg;2
experiment/train/02.14.jpg;2
experiment/train/02.15.jpg;2
experiment/train/02.16.jpg;2
experiment/train/02.17.jpg;2
experiment/train/02.18.jpg;2
experiment/train/02.19.jpg;2
experiment/train/02.20.jpg;2
experiment/train/03.11.jpg;3
experiment/train/03.12.jpg;3
experiment/train/03.13.jpg;3
experiment/train/03.14.jpg;3
experiment/train/03.15.jpg;3
experiment/train/03.16.jpg;3
experiment/train/03.17.jpg;3
experiment/train/03.18.jpg;3
experiment/train/03.19.jpg;3
experiment/train/03.20.jpg;3
experiment/train/04.11.jpg;4
experiment/train/04.12.jpg;4
experiment/train/04.13.jpg;4
experiment/train/04.14.jpg;4
experiment/train/04.15.jpg;4
experiment/train/04.16.jpg;4
experiment/train/04.17.jpg;4
experiment/train/04.18.jpg;4
experiment/train/04.19.jpg;4
experiment/train/04.20.jpg;4
experiment/train/05.11.jpg;5
experiment/train/05.12.jpg;5
experiment/train/05.13.jpg;5
experiment/train/05.14.jpg;5
experiment/train/05.15.jpg;5
experiment/train/05.16.jpg;5
experiment/train/05.17.jpg;5
experiment/train/05.18.jpg;5
experiment/train/05.19.jpg;5
experiment/train/05.20.jpg;5
experiment/train/06.11.jpg;6
experiment/train/06.12.jpg;6
experiment/train/06.13.jpg;6
experiment/train/06.14.jpg;6
experiment/train/06.15.jpg;6
experiment/train/06.16.jpg;6
experiment/train/06.17.jpg;6
experiment/train/06.18.jpg;6
experiment/train/06.19.jpg;6
experiment/train/06.20.jpg;6
experiment/train/07.11.jpg;7
experiment/train/07.12.jpg;7
experiment/train/07.13.jpg;7
experiment/train/07.14.jpg;7
experiment/train/07.15.jpg;7
experiment/train/07.16.jpg;7
experiment/train/07.17.jpg;7
experiment/train/07.18.jpg;7
experiment/train/07.19.jpg;7
experiment/train/07.20.jpg;7
experiment/train/08.11.jpg;8
experiment/train/08.12.jpg;8
experiment/train/08.13.jpg;8
experiment/train/08.14.jpg;8
experiment/train/08.15.jpg;8
experiment/train/08.16.jpg;8
experiment/train/08.17.jpg;8
experiment/train/08.18.jpg;8
experiment/train/08.19.jpg;8
experiment/train/08.20.jpg;8
experiment/train/20.11.jpg;20
experiment/train/20.12.jpg;20
experiment/train/20.13.jpg;20
experiment/train/20.14.jpg;20
experiment/train/20.15.jpg;20
experiment/train/20.16.jpg;20
experiment/train/20.17.jpg;20
experiment/train/20.18.jpg;20
experiment/train/20.19.jpg;20
experiment/train/20.20.jpg;20
experiment/train/27.11.jpg;27
experiment/train/27.12.jpg;27
experiment/train/27.13.jpg;27
experiment/train/27.14.jpg;27
experiment/train/27.15.jpg;27
experiment/train/27.16.jpg;27
experiment/train/27.17.jpg;27
experiment/train/27.18.jpg;27
experiment/train/27.19.jpg;27
experiment/train/27.20.jpg;27
experiment/train/30.11.jpg;30
experiment/train/30.12.jpg;30
experiment/train/30.13.jpg;30
experiment/train/30.14.jpg;30
experiment/train/30.15.jpg;30
experiment/train/30.16.jpg;30
experiment/train/30.17.jpg;30
experiment/train/30.18.jpg;30
experiment/train/30.19.jpg;30
experiment/train/30.20.jpg;30
