database/experiment/train/01.1.jpg;1
database/experiment/train/01.10.jpg;1
database/experiment/train/01.11.jpg;1
database/experiment/train/01.12.jpg;1
database/experiment/train/01.13.jpg;1
database/experiment/train/01.14.jpg;1
database/experiment/train/01.15.jpg;1
database/experiment/train/01.16.jpg;1
database/experiment/train/01.17.jpg;1
database/experiment/train/01.18.jpg;1
database/experiment/train/01.19.jpg;1
database/experiment/train/01.2.jpg;1
database/experiment/train/01.20.jpg;1
database/experiment/train/01.3.jpg;1
database/experiment/train/01.4.jpg;1
database/experiment/train/01.5.jpg;1
database/experiment/train/01.6.jpg;1
database/experiment/train/01.7.jpg;1
database/experiment/train/01.8.jpg;1
database/experiment/train/01.9.jpg;1
database/experiment/train/02.1.jpg;2
database/experiment/train/02.10.jpg;2
database/experiment/train/02.11.jpg;2
database/experiment/train/02.12.jpg;2
database/experiment/train/02.13.jpg;2
database/experiment/train/02.14.jpg;2
database/experiment/train/02.15.jpg;2
database/experiment/train/02.16.jpg;2
database/experiment/train/02.17.jpg;2
database/experiment/train/02.18.jpg;2
database/experiment/train/02.19.jpg;2
database/experiment/train/02.2.jpg;2
database/experiment/train/02.20.jpg;2
database/experiment/train/02.3.jpg;2
database/experiment/train/02.4.jpg;2
database/experiment/train/02.5.jpg;2
database/experiment/train/02.6.jpg;2
database/experiment/train/02.7.jpg;2
database/experiment/train/02.8.jpg;2
database/experiment/train/02.9.jpg;2
database/experiment/train/03.1.jpg;3
database/experiment/train/03.10.jpg;3
database/experiment/train/03.11.jpg;3
database/experiment/train/03.12.jpg;3
database/experiment/train/03.13.jpg;3
database/experiment/train/03.14.jpg;3
database/experiment/train/03.15.jpg;3
database/experiment/train/03.16.jpg;3
database/experiment/train/03.17.jpg;3
database/experiment/train/03.18.jpg;3
database/experiment/train/03.19.jpg;3
database/experiment/train/03.2.jpg;3
database/experiment/train/03.20.jpg;3
database/experiment/train/03.3.jpg;3
database/experiment/train/03.4.jpg;3
database/experiment/train/03.5.jpg;3
database/experiment/train/03.6.jpg;3
database/experiment/train/03.7.jpg;3
database/experiment/train/03.8.jpg;3
database/experiment/train/03.9.jpg;3
database/experiment/train/04.1.jpg;4
database/experiment/train/04.10.jpg;4
database/experiment/train/04.11.jpg;4
database/experiment/train/04.12.jpg;4
database/experiment/train/04.13.jpg;4
database/experiment/train/04.14.jpg;4
database/experiment/train/04.15.jpg;4
database/experiment/train/04.16.jpg;4
database/experiment/train/04.17.jpg;4
database/experiment/train/04.18.jpg;4
database/experiment/train/04.19.jpg;4
database/experiment/train/04.2.jpg;4
database/experiment/train/04.20.jpg;4
database/experiment/train/04.3.jpg;4
database/experiment/train/04.4.jpg;4
database/experiment/train/04.5.jpg;4
database/experiment/train/04.6.jpg;4
database/experiment/train/04.7.jpg;4
database/experiment/train/04.8.jpg;4
database/experiment/train/04.9.jpg;4
database/experiment/train/05.1.jpg;5
database/experiment/train/05.10.jpg;5
database/experiment/train/05.11.jpg;5
database/experiment/train/05.12.jpg;5
database/experiment/train/05.13.jpg;5
database/experiment/train/05.14.jpg;5
database/experiment/train/05.15.jpg;5
database/experiment/train/05.16.jpg;5
database/experiment/train/05.17.jpg;5
database/experiment/train/05.18.jpg;5
database/experiment/train/05.19.jpg;5
database/experiment/train/05.2.jpg;5
database/experiment/train/05.20.jpg;5
database/experiment/train/05.3.jpg;5
database/experiment/train/05.4.jpg;5
database/experiment/train/05.5.jpg;5
database/experiment/train/05.6.jpg;5
database/experiment/train/05.7.jpg;5
database/experiment/train/05.8.jpg;5
database/experiment/train/05.9.jpg;5
database/experiment/train/06.1.jpg;6
database/experiment/train/06.10.jpg;6
database/experiment/train/06.11.jpg;6
database/experiment/train/06.12.jpg;6
database/experiment/train/06.13.jpg;6
database/experiment/train/06.14.jpg;6
database/experiment/train/06.15.jpg;6
database/experiment/train/06.16.jpg;6
database/experiment/train/06.17.jpg;6
database/experiment/train/06.18.jpg;6
database/experiment/train/06.19.jpg;6
database/experiment/train/06.2.jpg;6
database/experiment/train/06.20.jpg;6
database/experiment/train/06.3.jpg;6
database/experiment/train/06.4.jpg;6
database/experiment/train/06.5.jpg;6
database/experiment/train/06.6.jpg;6
database/experiment/train/06.7.jpg;6
database/experiment/train/06.8.jpg;6
database/experiment/train/06.9.jpg;6
database/experiment/train/07.1.jpg;7
database/experiment/train/07.10.jpg;7
database/experiment/train/07.11.jpg;7
database/experiment/train/07.12.jpg;7
database/experiment/train/07.13.jpg;7
database/experiment/train/07.14.jpg;7
database/experiment/train/07.15.jpg;7
database/experiment/train/07.16.jpg;7
database/experiment/train/07.17.jpg;7
database/experiment/train/07.18.jpg;7
database/experiment/train/07.19.jpg;7
database/experiment/train/07.2.jpg;7
database/experiment/train/07.20.jpg;7
database/experiment/train/07.3.jpg;7
database/experiment/train/07.4.jpg;7
database/experiment/train/07.5.jpg;7
database/experiment/train/07.6.jpg;7
database/experiment/train/07.7.jpg;7
database/experiment/train/07.8.jpg;7
database/experiment/train/07.9.jpg;7
database/experiment/train/08.1.jpg;8
database/experiment/train/08.10.jpg;8
database/experiment/train/08.11.jpg;8
database/experiment/train/08.12.jpg;8
database/experiment/train/08.13.jpg;8
database/experiment/train/08.14.jpg;8
database/experiment/train/08.15.jpg;8
database/experiment/train/08.16.jpg;8
database/experiment/train/08.17.jpg;8
database/experiment/train/08.18.jpg;8
database/experiment/train/08.19.jpg;8
database/experiment/train/08.2.jpg;8
database/experiment/train/08.20.jpg;8
database/experiment/train/08.3.jpg;8
database/experiment/train/08.4.jpg;8
database/experiment/train/08.5.jpg;8
database/experiment/train/08.6.jpg;8
database/experiment/train/08.7.jpg;8
database/experiment/train/08.8.jpg;8
database/experiment/train/08.9.jpg;8
